{"cameraMode":{"drawMode":0,"name":"Shaded","section":"Shading Mode"},"sceneLighting":true,"audioPlay":false,"sceneViewState":{"m_AlwaysRefresh":false,"showFog":true,"showSkybox":true,"showFlares":true,"showImageEffects":true,"showParticleSystems":true,"showVisualEffectGraphs":true,"m_FxEnabled":false},"in2DMode":false,"pivot":{"x":692.3966674804688,"y":404.2590026855469,"z":-1.232666015625},"rotation":{"x":0.013499505817890168,"y":-0.00449956813827157,"z":0.000060743001085938886,"w":0.9998976588249207},"size":484.758544921875,"orthographic":true}