{"cameraMode":{"drawMode":0,"name":"Shaded","section":"Shading Mode"},"sceneLighting":true,"audioPlay":false,"sceneViewState":{"m_AlwaysRefresh":false,"showFog":true,"showSkybox":true,"showFlares":true,"showImageEffects":true,"showParticleSystems":true,"showVisualEffectGraphs":true,"m_FxEnabled":true},"in2DMode":false,"pivot":{"x":52.939998626708987,"y":7.641826629638672,"z":33.459815979003909},"rotation":{"x":0.5810520052909851,"y":-0.0778256505727768,"z":0.05595627799630165,"w":0.8082069158554077},"size":200.61312866210938,"orthographic":false}