{"cameraMode":{"drawMode":0,"name":"Shaded","section":"Shading Mode"},"sceneLighting":true,"audioPlay":false,"sceneViewState":{"m_AlwaysRefresh":false,"showFog":true,"showSkybox":true,"showFlares":true,"showImageEffects":true,"showParticleSystems":true,"showVisualEffectGraphs":true,"m_FxEnabled":false},"in2DMode":false,"pivot":{"x":504.1401672363281,"y":332.2230529785156,"z":-5.36273193359375},"rotation":{"x":0.013492939062416554,"y":0.03149189427495003,"z":-0.00042517148540355265,"w":0.9994114637374878},"size":531.1950073242188,"orthographic":true}